feature,variable,value
HILIC_pos_FT302,comp1,26.2881412735781
RP_neg_FT1344,comp1,24.3696365882689
HILIC_pos_FT308,comp1,20.6348511612259
RP_neg_FT1348,comp1,16.4126846445609
HILIC_neg_FT0551,comp1,8.23349432691027
HILIC_neg_FT0556,comp1,5.20487390981711
